epoch,steps,MSE
0,-1,80.03077507019043
1,-1,76.88224911689758
2,-1,72.3263680934906
3,-1,67.89621710777283
4,-1,67.37146377563477
