epoch,steps,MSE
0,-1,80.23558855056763
1,-1,76.5001893043518
2,-1,72.59030938148499
3,-1,68.23191046714783
4,-1,67.66661405563354
