epoch,steps,MSE
0,-1,80.28407692909241
1,-1,76.6863763332367
2,-1,72.42240309715271
3,-1,67.75481104850769
4,-1,66.92279577255249
