epoch,steps,cosine_pearson,cosine_spearman,euclidean_pearson,euclidean_spearman,manhattan_pearson,manhattan_spearman,dot_pearson,dot_spearman
0,-1,-0.07139218151357792,-0.00926444979971819,-0.06932514749157917,-0.01155712308835925,-0.12630809470698665,-0.06637155041402096,-0.08498060115664267,-0.005513844625646607
1,-1,-0.006172584513540815,0.004845758415076442,-0.043023789498440615,-0.008310322283130835,-0.027495686709926238,-0.018483069221277397,-0.04093350984783636,-0.0173136027913467
2,-1,0.018963466010847016,0.056139009536545555,0.02688518213035291,0.06036614813759444,0.041789757836277544,0.06338584307697676,0.020002762103809874,0.03970527153232446
3,-1,0.09112548245025728,0.10711389833239895,0.07802716781178601,0.11337034425105828,0.10489381323523664,0.15384700305219892,0.06185982483269437,0.08533279439419626
4,-1,0.3715296347328028,0.3709980365279011,0.36512819939372326,0.37171652333096816,0.37805125004775375,0.40391833724963544,0.3521744566491479,0.3561915623015971
