epoch,steps,cosine_pearson,cosine_spearman,euclidean_pearson,euclidean_spearman,manhattan_pearson,manhattan_spearman,dot_pearson,dot_spearman
0,-1,-0.049502227099767815,0.012163344936338978,-0.047684619228116086,0.011167376612089788,-0.05653567579856822,-0.03670701425748878,-0.027917248109397056,-0.011265046951457976
1,-1,-0.07020875423915468,0.00029280849457509684,-0.06949710484840774,-0.01835537582972928,-0.05670519793942888,-0.014655625721660518,-0.05088591995862326,-0.010901333985421693
2,-1,-0.04158216858977901,0.02774413512818481,-0.01441931009134917,0.021226545289554546,0.033701098380167695,0.032321553055020304,0.011984844000577505,0.042365116726478906
3,-1,0.07550321353685009,0.09765249146863332,0.06537454460731008,0.0905903684159087,0.08124380873977781,0.1052135461425362,0.10187784649753016,0.10676919858594622
4,-1,0.37856255540188305,0.4104936726213573,0.37463195822462736,0.3957424978014325,0.3316022432662122,0.3322890082657643,0.3825958511516782,0.4037317053585723
