epoch,steps,cosine_pearson,cosine_spearman,euclidean_pearson,euclidean_spearman,manhattan_pearson,manhattan_spearman,dot_pearson,dot_spearman
0,-1,-0.057624301982980984,-0.016985592731982007,-0.05575645631183318,-0.018264142402581743,-0.08302943649467248,-0.06016575331756288,-0.011270206806518883,-0.020836766930871466
1,-1,-0.014668096669260946,0.0001930443589045797,-0.02808307287324594,-0.006966157725498304,-0.009705953596217667,-0.005055582723300027,0.01866935794394794,0.023178924770996135
2,-1,0.013473612762629842,0.0010606597431848542,-0.010494251543299665,-0.005424795756528132,-0.031303278408115136,-0.02664235446014097,0.018578208483645657,0.013599536822838557
3,-1,0.0701752757249657,0.0858262118535891,0.07703770717805213,0.10744645798532183,0.08908954543879301,0.11833219030908557,0.05834127208870129,0.06679810763334938
4,-1,0.40758367961812353,0.42569468651307685,0.40048778242122485,0.4146051401445754,0.3713032468135609,0.37649413862649067,0.3991030116826546,0.410073852348282
