epoch,steps,src2trg,trg2src
0,-1,0.009009009009009009,0.006006006006006006
1,-1,0.006006006006006006,0.009009009009009009
2,-1,0.006006006006006006,0.009009009009009009
3,-1,0.006006006006006006,0.009009009009009009
4,-1,0.003003003003003003,0.012012012012012012
