epoch,steps,src2trg,trg2src
0,-1,0.0020060180541624875,0.003009027081243731
1,-1,0.003009027081243731,0.003009027081243731
2,-1,0.0020060180541624875,0.0010030090270812437
3,-1,0.0020060180541624875,0.0020060180541624875
4,-1,0.004012036108324975,0.0010030090270812437
