epoch,steps,cos_sim-Accuracy@1,cos_sim-Accuracy@3,cos_sim-Accuracy@5,cos_sim-Accuracy@10,cos_sim-Precision@1,cos_sim-Recall@1,cos_sim-Precision@3,cos_sim-Recall@3,cos_sim-Precision@5,cos_sim-Recall@5,cos_sim-Precision@10,cos_sim-Recall@10,cos_sim-MRR@10,cos_sim-NDCG@10,cos_sim-MAP@100
-1,-1,0.9333333333333333,0.9904761904761905,0.9952380952380953,0.9952380952380953,0.9333333333333333,0.12236016628873773,0.8682539682539682,0.3392894935752078,0.7761904761904762,0.5009032501889644,0.4938095238095238,0.6311583522297808,0.9623015873015873,0.7075973016015574,0.6089969085998829
-1,-1,0.9333333333333333,0.9904761904761905,0.9952380952380953,0.9952380952380953,0.9333333333333333,0.12236016628873773,0.8682539682539682,0.3392894935752078,0.7761904761904762,0.5009032501889644,0.4938095238095238,0.6311583522297808,0.9623015873015873,0.7075973016015574,0.6089969085998829
