epoch,steps,cos_sim-Accuracy@1,cos_sim-Accuracy@3,cos_sim-Accuracy@5,cos_sim-Accuracy@10,cos_sim-Precision@1,cos_sim-Recall@1,cos_sim-Precision@3,cos_sim-Recall@3,cos_sim-Precision@5,cos_sim-Recall@5,cos_sim-Precision@10,cos_sim-Recall@10,cos_sim-MRR@10,cos_sim-NDCG@10,cos_sim-MAP@100
-1,-1,0.9904761904761905,0.9952380952380953,0.9952380952380953,1.0,0.9904761904761905,0.11618102796674226,0.9777777777777779,0.3437433862433863,0.9142857142857143,0.5354913076341647,0.599047619047619,0.6975302343159485,0.9936507936507936,0.7842663770666874,0.7087383573512999
